{
  "rules": "jack-wild-discard",
  "runs": 100000,
  "successes": 56,
  "probability": 0.00056,
  "expectedGamesToSuccess": 1785.7142857142858,
  "confidenceInterval95": [
    0.00043130681371065046,
    0.0007270646862898056
  ],
  "generatedAt": "2025-09-28T15:54:10.445Z"
}